origem,destino,peso
Colégio Adventista de Planaltina,Escola Adventista de Formosa,34.57445780158325
Escola Adventista de Campina Grande,IAPE - Instituto Adventista Pernambucano de Ensino,110.27762394985909
Escola Adventista do Siqueira Campos Aracaju,Escola Adventista de Lagarto,65.94146845117855
Colégio Adventista de Cariacica,Centro Educacional Adventista IBES,6.7570765541576465
Colégio Adventista de Cariacica,Colégio Adventista de Vitória,7.3433576911555285
Colégio Adventista de Cariacica,Espaço Kids IBES,6.781186697597343
Colégio Adventista de Uberlândia,Escola Adventista de Uberaba,96.14844986695297
Colégio Adventista do Gama,Escola Adventista de Valparaíso de Goiás,11.267503671458003
Centro Educacional Adventista IBES,Colégio Adventista de Vitória,4.086932059630591
Centro Educacional Adventista IBES,Espaço Kids IBES,0.05437461369798949
Centro Educacional Adventista Dr. Otto Keppke,Centro Educacional Adventista Dr. Otto Keppke Júnior,0.4896885800445655
Colégio Adventista da Cidade Nova,Colégio Adventista Paul Bernard,6.491474827734008
Colégio Adventista da Cidade Nova,Colégio Adventista da Alvorada - AM,8.048434178241639
Colégio Adventista da Cidade Nova,Escola Adventista da Liberdade - AM,11.98129373606501
Colégio Adventista da Cidade Nova,Colégio Adventista de Manaus,11.72846946690796
Colégio Adventista da Cidade Nova,Escola Adventista de Santo Antônio,11.358406615472393
Colégio Adventista da Cidade Nova,Escola Adventista de São Jorge,10.697737585859462
Colégio Adventista da Cidade Nova,Escola Adventista do Japiim,8.69549797447346
Colégio Adventista da Cidade Nova,Instituto Adventista de Manaus,9.618517704993199
Colégio Adventista de Sinop,Colégio Adventista de Tangará da Serra,373.2604410858097
Colégio Adventista Alto Boqueirão,Colégio Adventista Boqueirão,3.9112191315302547
Colégio Adventista Alto Boqueirão,Colégio Adventista Centenário,7.303765293659428
Colégio Adventista Alto Boqueirão,Colégio Adventista Portão,6.820278483740244
Colégio Adventista Alto Boqueirão,Colégio Adventista São José dos Pinhais,5.309026828841065
Colégio Adventista Alto Boqueirão,Colégio Curitibano Adventista Bom Retiro,12.183199345411508
Colégio Adventista Alto Boqueirão,Colégio Adventista Afonso Pena,6.003623486924065
Colégio Adventista Alto Boqueirão,Colégio Adventista Pinhais,11.487085972572542
Colégio Adventista Alto Boqueirão,Escola Adventista de Vista Alegre,13.692991192562697
Colégio Adventista Alto Boqueirão,Colégio Adventista Fazenda Rio Grande,14.709242207234787
Colégio Adventista Boa Vista - PR,Colégio Adventista Boqueirão,11.841877475545392
Colégio Adventista Boa Vista - PR,Colégio Adventista Centenário,9.73532623808311
Colégio Adventista Boa Vista - PR,Colégio Adventista Portão,12.750707801587705
Colégio Adventista Boa Vista - PR,Colégio Curitibano Adventista Bom Retiro,5.5038877490229465
Colégio Adventista Boa Vista - PR,Colégio Adventista Pinhais,8.206663728141345
Colégio Adventista Boa Vista - PR,Escola Adventista de Vista Alegre,6.91263333423073
Colégio Adventista Boqueirão,Colégio Adventista Centenário,4.1622403257247
Colégio Adventista Boqueirão,Colégio Adventista Portão,5.3853714541021915
Colégio Adventista Boqueirão,Colégio Adventista São José dos Pinhais,7.76875237908102
Colégio Adventista Boqueirão,Colégio Curitibano Adventista Bom Retiro,8.530698873189307
Colégio Adventista Boqueirão,Colégio Adventista Afonso Pena,6.255562245022949
Colégio Adventista Boqueirão,Colégio Adventista Pinhais,8.343418514089645
Colégio Adventista Boqueirão,Escola Adventista de Vista Alegre,10.318778650776377
Colégio Adventista Campo-Grandense,Colégio Adventista Jardim dos Estados,6.907934445720648
Colégio Adventista Centenário,Colégio Adventista Portão,8.90812762287042
Colégio Adventista Centenário,Colégio Adventista São José dos Pinhais,8.870144989609482
Colégio Adventista Centenário,Colégio Curitibano Adventista Bom Retiro,8.51875684715237
Colégio Adventista Centenário,Colégio Adventista Afonso Pena,5.629237622781057
Colégio Adventista Centenário,Colégio Adventista Pinhais,4.235694145033042
Colégio Adventista Centenário,Escola Adventista de Vista Alegre,10.851151764424246
Colégio Adventista da Cidade Nova V,Escola Adventista Centro Nipônico,11.208037253028008
Colégio Adventista da Cidade Nova V,Escola Adventista da Marambaia,7.454950574004025
Colégio Adventista da Cidade Nova V,Escola Adventista da Pedreira,12.029431810419144
Colégio Adventista da Cidade Nova V,Escola Adventista de Coqueiro,3.9503749988100436
Colégio Adventista da Cidade Nova V,Colégio Adventista da Marambaia,8.193545060849837
Colégio Adventista da Cidade Nova V,Escola Adventista de Icoaraci,11.471294777521917
Colégio Adventista da Cidade Nova V,Escola Adventista de São Brás Altamir de Paiva,12.891579193121311
Colégio Adventista da Cidade Nova V,Instituto Adventista Grão Pará,11.328232534208839
Colégio Adventista da Cohab,Colégio Adventista de São Luís,4.002015031810323
Colégio Adventista da Cohab,Educação Adventista KIDS,4.014309606759735
Colégio Adventista da Cohab,Escola Adventista da Cidade Operária,4.2418686987479965
Colégio Adventista da Cohab,Escola Adventista de Monte Castelo,6.635664658730211
Colégio Adventista da Lapa,Liberdade - SP,8.55946855781931
Colégio Adventista da Lapa,Colégio Adventista de Campo Limpo,12.941862410297267
Colégio Adventista da Lapa,Colégio Adventista de Santo Amaro,14.69516632881441
Colégio Adventista da Lapa,Colégio Adventista de Taboão da Serra,10.703166633952339
Colégio Adventista da Lapa,Colégio Adventista de Tucuruvi,10.93743032931447
Colégio Adventista da Lapa,Escola Adventista de Vila das Belezas,14.467029730743146
Colégio Adventista da Lapa,Colégio Adventista de Vila Nova Cachoeirinha,6.650959126162559
Colégio Adventista da Lapa,Colégio Adventista de Vila Yara,6.312830105148774
Colégio Adventista da Lapa,Colégio Adventista do Brooklin,11.391275399038232
Liberdade - SP,Colégio Adventista de Americanópolis,10.873832695479956
Liberdade - SP,Colégio Adventista de Campo Limpo,14.997035842682498
Liberdade - SP,Colégio Adventista de Cidade Ademar,12.24285640098953
Liberdade - SP,Colégio Adventista de Diadema,14.26645930945565
Liberdade - SP,Colégio Adventista de Engenheiro Goulart,13.784135890571694
Liberdade - SP,Colégio Adventista de Gopoúva,14.219339837776937
Liberdade - SP,Colégio Adventista de Jardim Utinga,13.658446858899206
Liberdade - SP,Colégio Adventista de Santo Amaro,12.251288198064595
Liberdade - SP,Colégio Adventista de São Caetano do Sul,11.612408360940726
Liberdade - SP,Colégio Adventista de Taboão da Serra,14.223118238675301
Liberdade - SP,Colégio Adventista de Tucuruvi,8.745227860071598
Liberdade - SP,Colégio Adventista de Vila Alpina,7.911287797109907
Liberdade - SP,Escola Adventista de Vila das Belezas,14.517985780123915
Liberdade - SP,Colégio Adventista de Vila Galvão,13.258792492853287
Liberdade - SP,Colégio Adventista de Vila Matilde,11.637576659774469
Liberdade - SP,Colégio Adventista de Vila Nova Cachoeirinha,10.702437712325581
Liberdade - SP,Colégio Adventista de Vila Yara,12.816455017277969
Liberdade - SP,Colégio Adventista do Brooklin,8.20627295339941
Liberdade - SP,Escola Adventista de Campo Grande,13.710090583698683
Liberdade - SP,Escola Adventista de Educação Infantil de Vila Matilde,11.687621855611225
Colégio Adventista da Liberdade - BA,Colégio Adventista de Castelo Branco,7.590475090171965
Colégio Adventista da Liberdade - BA,Colégio Adventista de Itapagipe,1.8397420006661123
Colégio Adventista da Liberdade - BA,Colégio Adventista de Salvador,2.4407399206641895
Colégio Adventista da Liberdade - BA,Colégio Adventista de São Caetano,2.3592175496327332
Colégio Adventista da Liberdade - BA,Escola Adventista de Amaralina,7.112530613336946
Colégio Adventista da Liberdade - BA,Escola Adventista de IAPI,1.8497927110747017
Colégio Adventista da Liberdade - BA,Escola Adventista de Jardim Cruzeiro,2.51514524194309
Colégio Adventista da Liberdade - BA,Escola Adventista de Paripe,12.616675401933211
Colégio Adventista da Liberdade - BA,Escola Adventista de Praia Grande,8.82440498273324
Colégio Adventista da Tijuca,Colégio Adventista de Jacarepaguá,14.687589913590394
Colégio Adventista da Tijuca,Colégio Adventista de Niterói,13.6676828685533
Colégio Adventista da Tijuca,Colégio Adventista de Botafogo,4.62940952553675
Colégio Adventista da Tijuca,Escola Adventista de Inhaúma,8.457502676984907
Colégio Adventista da Tijuca,Escola Adventista de Música ARS,13.01676868863061
Colégio Adventista da Tijuca,Escola Adventista da Barra da Tijuca,13.938416161785408
Colégio Adventista de Altamira,IATAI - Instituto Adventista Transamazônico Agroindustrial,148.26060558330104
Colégio Adventista de Americana,Colégio Adventista de Paulínia,16.902124961094493
Colégio Adventista de Americanópolis,Escola Adventista de Campo de Fora,12.233881559353692
Colégio Adventista de Americanópolis,Colégio Adventista de Campo Limpo,12.835275877528035
Colégio Adventista de Americanópolis,Colégio Adventista de Cidade Ademar,1.554932399107484
Colégio Adventista de Americanópolis,Colégio Adventista de Diadema,3.906945779922138
Colégio Adventista de Americanópolis,Colégio Adventista de Interlagos,8.079866798994344
Colégio Adventista de Americanópolis,Colégio Adventista de Jardim Utinga,13.32093682033979
Colégio Adventista de Americanópolis,Colégio Adventista de Santo Amaro,5.80201128422207
Colégio Adventista de Americanópolis,Colégio Adventista de Santo André,11.822408063070117
Colégio Adventista de Americanópolis,Colégio Adventista de São Bernardo do Campo,12.109075534632254
Colégio Adventista de Americanópolis,Colégio Adventista de São Caetano do Sul,7.861496623827844
Colégio Adventista de Americanópolis,Colégio Adventista de Taboão da Serra,14.24203423439866
Colégio Adventista de Americanópolis,Colégio Adventista de Vila Alpina,10.079484574907804
Colégio Adventista de Americanópolis,Escola Adventista de Vila das Belezas,10.045031144528199
Colégio Adventista de Americanópolis,Colégio Adventista do Brooklin,5.663517107476885
Colégio Adventista de Americanópolis,Colégio Adventista Ellen G. White,13.01045353423385
Colégio Adventista de Americanópolis,Escola Adventista de Alvorada - SP,14.24258704625025
Colégio Adventista de Americanópolis,Escola Adventista de Campo Grande,5.042711481286299
Colégio Adventista de Americanópolis,Escola Adventista de Jardim das Palmeiras,13.558397096889944
Colégio Adventista de Americanópolis,Escola Adventista de Jardim Lilah,14.130951784413817
Colégio Adventista de Americanópolis,Escola Adventista de Pedreira - AP,4.991760955622032
Colégio Adventista de Americanópolis,Unasp-SP - Centro Universitário Adventista - São Paulo,14.114720624756032
Colégio Adventista de Americanópolis,Unasp-BI - Centro Universitário Adventista - Bilíngue,14.114720624756032
Colégio Adventista de Araçariguama,Escola Adventista de São Roque,12.217644030211018
Colégio Adventista de Araguaina,Escola Adventista de Porto Franco,130.3813507029937
Colégio Adventista de Arruda,Colégio Adventista do Recife,3.935800250394081
Colégio Adventista de Assis,Escola Adventista de Marília,69.7266675801091
Colégio Adventista de Bauru,Escola Adventista de Marília,89.05251617476524
Colégio Adventista de Belo Horizonte,Escola Adventista da Concórdia,3.07521478607774
Colégio Adventista de Belo Horizonte,Escola Adventista da Pampulha,4.695010256718214
Colégio Adventista de Belo Horizonte,Colégio Adventista do Buritis,11.232285874495235
Colégio Adventista de Bragança Paulista,Colégio Adventista de Jundiaí,43.67855878269489
Colégio Adventista de Cáceres,Colégio Adventista de Tangará da Serra,159.96945440393935
Colégio Adventista de Campinas,Colégio Adventista de Campinas - Unidade Castelo,2.9690494044522087
Escola Adventista de Campo de Fora,Colégio Adventista de Campo Limpo,3.5058869051463724
Escola Adventista de Campo de Fora,Colégio Adventista de Cidade Ademar,11.436656200021105
Escola Adventista de Campo de Fora,Colégio Adventista de Diadema,14.61779823129806
Escola Adventista de Campo de Fora,Colégio Adventista de Embu das Artes,10.400891685625979
Escola Adventista de Campo de Fora,Colégio Adventista de Interlagos,9.228907269256904
Escola Adventista de Campo de Fora,Colégio Adventista de Santo Amaro,6.468197262067713
Escola Adventista de Campo de Fora,Colégio Adventista de Taboão da Serra,6.350873812975889
Escola Adventista de Campo de Fora,Escola Adventista de Vila das Belezas,2.4802101825746843
Escola Adventista de Campo de Fora,Colégio Adventista de Vila Yara,11.824901247738469
Escola Adventista de Campo de Fora,Colégio Adventista do Brooklin,9.263036388913202
Escola Adventista de Campo de Fora,Colégio Adventista Ellen G. White,1.0883489683537226
Escola Adventista de Campo de Fora,Colégio Adventista da Granja Viana,11.562720657433603
Escola Adventista de Campo de Fora,Escola Adventista de Alvorada - SP,2.0849901044881904
Escola Adventista de Campo de Fora,Escola Adventista de Campo Grande,7.690618799338714
Escola Adventista de Campo de Fora,Colégio Adventista de Itapecerica da Serra,11.074083374901043
Escola Adventista de Campo de Fora,Escola Adventista de Jardim das Palmeiras,2.293141568987161
Escola Adventista de Campo de Fora,Escola Adventista de Jardim Lilah,2.3254302720871722
Escola Adventista de Campo de Fora,Escola Adventista de Pedreira - AP,9.948564059174664
Escola Adventista de Campo de Fora,Colégio Adventista Pirajuçara,3.9527314509730083
Escola Adventista de Campo de Fora,Escola Adventista Thiago White,4.7725203283176425
Escola Adventista de Campo de Fora,Unasp-SP - Centro Universitário Adventista - São Paulo,2.0555752961352973
Escola Adventista de Campo de Fora,Unasp-BI - Centro Universitário Adventista - Bilíngue,2.0555752961352973
Colégio Adventista de Campo Grande,Colégio Adventista de Padre Miguel,12.731040087055106
Colégio Adventista de Campo Limpo,Colégio Adventista de Cidade Ademar,12.43812400917228
Colégio Adventista de Campo Limpo,Colégio Adventista de Embu das Artes,11.021210736111708
Colégio Adventista de Campo Limpo,Colégio Adventista de Interlagos,11.906170750250345
Colégio Adventista de Campo Limpo,Colégio Adventista de Santo Amaro,7.231624156221062
Colégio Adventista de Campo Limpo,Colégio Adventista de Taboão da Serra,2.8548335771964064
Colégio Adventista de Campo Limpo,Escola Adventista de Vila das Belezas,3.399598525323967
Colégio Adventista de Campo Limpo,Colégio Adventista de Vila Yara,8.32471546126467
Colégio Adventista de Campo Limpo,Colégio Adventista do Brooklin,8.446774846783274
Colégio Adventista de Campo Limpo,Colégio Adventista Ellen G. White,4.3373549789036625
Colégio Adventista de Campo Limpo,Colégio Adventista da Granja Viana,9.659256145502207
Colégio Adventista de Campo Limpo,Escola Adventista de Alvorada - SP,4.517594984410802
Colégio Adventista de Campo Limpo,Escola Adventista de Campo Grande,9.231661670808396
Colégio Adventista de Campo Limpo,Colégio Adventista de Itapecerica da Serra,13.296945515964648
Colégio Adventista de Campo Limpo,Escola Adventista de Jardim das Palmeiras,5.57269105500669
Colégio Adventista de Campo Limpo,Escola Adventista de Jardim Lilah,5.234513618754992
Colégio Adventista de Campo Limpo,Escola Adventista de Pedreira - AP,11.866758220154273
Colégio Adventista de Campo Limpo,Colégio Adventista Pirajuçara,4.2951131397570315
Colégio Adventista de Campo Limpo,Escola Adventista Thiago White,7.535635699216916
Colégio Adventista de Campo Limpo,Unasp-SP - Centro Universitário Adventista - São Paulo,4.725964724429673
Colégio Adventista de Campo Limpo,Unasp-BI - Centro Universitário Adventista - Bilíngue,4.725964724429673
Colégio Adventista de Campo Mourão,Escola Adventista de Cianorte - ANP,48.488425273777786
Colégio Adventista de Caraguatatuba,Colégio Adventista de São José dos Campos,64.24788318619932
Colégio Adventista de Caruaru,IAPE - Instituto Adventista Pernambucano de Ensino,34.433848416326825
Colégio Adventista de Cascavel,Escola Adventista de Toledo,38.204356625818555
Colégio Adventista de Castelo Branco,Colégio Adventista de Itapagipe,7.348276881300056
Colégio Adventista de Castelo Branco,Colégio Adventista de Salvador,9.800749215523643
Colégio Adventista de Castelo Branco,Colégio Adventista de São Caetano,5.233886317293464
Colégio Adventista de Castelo Branco,Escola Adventista de Amaralina,12.58469627804364
Colégio Adventista de Castelo Branco,Escola Adventista de IAPI,6.831504669527119
Colégio Adventista de Castelo Branco,Escola Adventista de Jardim Cruzeiro,6.9574463959497885
Colégio Adventista de Castelo Branco,Escola Adventista de Paripe,7.470863829100165
Colégio Adventista de Castelo Branco,Escola Adventista de Praia Grande,5.01944128600038
Colégio Adventista de Cidade Ademar,Colégio Adventista de Diadema,3.533660525525216
Colégio Adventista de Cidade Ademar,Colégio Adventista de Interlagos,6.539293276193172
Colégio Adventista de Cidade Ademar,Colégio Adventista de Jardim Utinga,14.582577303408698
Colégio Adventista de Cidade Ademar,Colégio Adventista de Santo Amaro,5.218457143153823
Colégio Adventista de Cidade Ademar,Colégio Adventista de Santo André,12.639261702776267
Colégio Adventista de Cidade Ademar,Colégio Adventista de São Bernardo do Campo,12.28654327909429
Colégio Adventista de Cidade Ademar,Colégio Adventista de São Caetano do Sul,9.036813470009216
Colégio Adventista de Cidade Ademar,Colégio Adventista de Taboão da Serra,14.119671444440684
Colégio Adventista de Cidade Ademar,Colégio Adventista de Vila Alpina,11.59448225261013
Colégio Adventista de Cidade Ademar,Escola Adventista de Vila das Belezas,9.415826781627846
Colégio Adventista de Cidade Ademar,Colégio Adventista do Brooklin,6.1808740899851715
Colégio Adventista de Cidade Ademar,Colégio Adventista Ellen G. White,12.12704886014634
Colégio Adventista de Cidade Ademar,Escola Adventista de Alvorada - SP,13.377353358647976
Colégio Adventista de Cidade Ademar,Escola Adventista de Campo Grande,3.8932553613388268
Colégio Adventista de Cidade Ademar,Escola Adventista de Jardim das Palmeiras,12.56335562098473
Colégio Adventista de Cidade Ademar,Escola Adventista de Jardim Lilah,13.187870515863938
Colégio Adventista de Cidade Ademar,Escola Adventista de Pedreira - AP,3.442956127310978
Colégio Adventista de Cidade Ademar,Unasp-SP - Centro Universitário Adventista - São Paulo,13.222544019502111
Colégio Adventista de Cidade Ademar,Unasp-BI - Centro Universitário Adventista - Bilíngue,13.222544019502111
Colégio Adventista de Codó,Escola Adventista de Coroatá,44.83709596545005
Colégio Adventista de Cotia,Colégio Adventista de Embu das Artes,10.652871004912331
Colégio Adventista de Cotia,Colégio Adventista da Granja Viana,7.662968114373422
Colégio Adventista de Cotia,Colégio Adventista Pirajuçara,14.620111018105531
Colégio Adventista de Cotia,Colégio Adventista de Alphaville,12.798702130672545
Colégio Adventista de Diadema,Colégio Adventista de Interlagos,7.791959945864581
Colégio Adventista de Diadema,Colégio Adventista de Jardim Utinga,13.054590006817874
Colégio Adventista de Diadema,Colégio Adventista de Santo Amaro,8.668129086734913
Colégio Adventista de Diadema,Colégio Adventista de Santo André,10.027000514206325
Colégio Adventista de Diadema,Colégio Adventista de São Bernardo do Campo,8.861440592109194
Colégio Adventista de Diadema,Colégio Adventista de São Caetano do Sul,7.543122551311907
Colégio Adventista de Diadema,Colégio Adventista de Vila Alpina,11.504274558985752
Colégio Adventista de Diadema,Escola Adventista de Vila das Belezas,12.769707964362858
Colégio Adventista de Diadema,Colégio Adventista do Brooklin,9.509597380943532
Colégio Adventista de Diadema,Escola Adventista de Campo Grande,6.927464206822774
Colégio Adventista de Diadema,Escola Adventista de Pedreira - AP,5.11328183188701
Colégio Adventista de Duque de Caxias,Colégio Adventista de Jacarepaguá,12.59895661186816
Colégio Adventista de Duque de Caxias,Escola Adventista de Inhaúma,9.288361925591891
Colégio Adventista de Duque de Caxias,Escola Adventista de Jardim Metrópole,4.455940370402417
Colégio Adventista de Embu das Artes,Colégio Adventista de Taboão da Serra,11.98692627695338
Colégio Adventista de Embu das Artes,Escola Adventista de Vila das Belezas,12.727201648040571
Colégio Adventista de Embu das Artes,Colégio Adventista Ellen G. White,9.641871019552294
Colégio Adventista de Embu das Artes,Colégio Adventista da Granja Viana,7.823995441510781
Colégio Adventista de Embu das Artes,Escola Adventista de Alvorada - SP,8.3947762543811
Colégio Adventista de Embu das Artes,Colégio Adventista de Itapecerica da Serra,5.929127642668382
Colégio Adventista de Embu das Artes,Escola Adventista de Jardim das Palmeiras,9.327586516859691
Colégio Adventista de Embu das Artes,Escola Adventista de Jardim Lilah,8.620704993806639
Colégio Adventista de Embu das Artes,Colégio Adventista Pirajuçara,6.84951518511053
Colégio Adventista de Embu das Artes,Escola Adventista Thiago White,7.3859112459286616
Colégio Adventista de Embu das Artes,Unasp-SP - Centro Universitário Adventista - São Paulo,8.54695660299426
Colégio Adventista de Embu das Artes,Unasp-BI - Centro Universitário Adventista - Bilíngue,8.54695660299426
Colégio Adventista de Engenheiro Goulart,Colégio Adventista de Gopoúva,4.396459103904978
Colégio Adventista de Engenheiro Goulart,Colégio Adventista de Jardim Utinga,13.366492467477517
Colégio Adventista de Engenheiro Goulart,Colégio Adventista de São Miguel Paulista,8.836140579822038
Colégio Adventista de Engenheiro Goulart,Colégio Adventista de Tucuruvi,9.413308091882147
Colégio Adventista de Engenheiro Goulart,Colégio Adventista de Vila Alpina,12.02603903016918
Colégio Adventista de Engenheiro Goulart,Colégio Adventista de Vila Galvão,6.610410725514943
Colégio Adventista de Engenheiro Goulart,Colégio Adventista de Vila Matilde,3.9558605273826704
Colégio Adventista de Engenheiro Goulart,Escola Adventista de Educação Infantil de Vila Matilde,4.534407713444365
Colégio Adventista de Esteio,Colégio Adventista de Cachoeirinha,12.96835012848159
Colégio Adventista de Esteio,Escola Adventista de Canoas,6.178326673218894
Colégio Adventista de Eunápolis,Escola Adventista de Teixeira de Freitas,129.50031218409953
Colégio Adventista de Feira de Santana,Colégio Adventista da Bahia,33.93855219452576
Colégio Adventista de Florianópolis - Centro,Colégio Adventista de Florianópolis - Estreito,4.96749626270236
Colégio Adventista de Foz do Iguaçu,Escola Adventista de Toledo,125.46591961401298
Colégio Adventista de Gopoúva,Colégio Adventista de São Miguel Paulista,11.753653785942
Colégio Adventista de Gopoúva,Colégio Adventista de Tucuruvi,7.2334116386579
Colégio Adventista de Gopoúva,Colégio Adventista de Vila Alpina,14.804694508690298
Colégio Adventista de Gopoúva,Colégio Adventista de Vila Galvão,2.630832339461212
Colégio Adventista de Gopoúva,Colégio Adventista de Vila Matilde,7.760536168900824
Colégio Adventista de Gopoúva,Colégio Adventista de Vila Nova Cachoeirinha,13.621610332356836
Colégio Adventista de Gopoúva,Escola Adventista de Educação Infantil de Vila Matilde,8.401587051187462
Colégio Adventista de Gravataí,Colégio Adventista Marechal Rondon,13.658350868007973
Colégio Adventista de Gravataí,Escola Adventista de Alvorada - RS,8.434954409044034
Colégio Adventista de Gravataí,Colégio Adventista de Cachoeirinha,6.783348327967472
Colégio Adventista de Gravataí,Escola Adventista do Sarandi,10.998991128046855
Colégio Adventista de Gravataí,Escola Adventista de Canoas,12.777834661362213
Colégio Adventista de Gurupi,Escola Adventista de Palmas,188.79775953337872
Colégio Adventista de Hortolândia,Colégio Adventista de Paulínia,14.462425248575817
Colégio Adventista de Hortolândia,Unasp-HT - Centro Universitário Adventista Hortolândia,0.5190113367810514
Colégio Adventista de Imperatriz,Escola Adventista de Imperatriz,1.57390193480331
Colégio Adventista de Indaial,Colégio Adventista de Blumenau,15.98221333595976
Colégio Adventista de Interlagos,Colégio Adventista de Santo Amaro,6.583619655403157
Colégio Adventista de Interlagos,Colégio Adventista de Taboão da Serra,14.488983181891479
Colégio Adventista de Interlagos,Escola Adventista de Vila das Belezas,8.54885031654975
Colégio Adventista de Interlagos,Colégio Adventista do Brooklin,10.275306597693309
Colégio Adventista de Interlagos,Colégio Adventista Ellen G. White,9.33859521707095
Colégio Adventista de Interlagos,Escola Adventista de Alvorada - SP,10.480180896570635
Colégio Adventista de Interlagos,Escola Adventista de Campo Grande,4.4077490597635665
Colégio Adventista de Interlagos,Escola Adventista de Jardim das Palmeiras,9.101868660985605
Colégio Adventista de Interlagos,Escola Adventista de Jardim Lilah,9.912183448145539
Colégio Adventista de Interlagos,Escola Adventista de Pedreira - AP,3.103460506580673
Colégio Adventista de Interlagos,Colégio Adventista Pirajuçara,12.95552036626494
Colégio Adventista de Interlagos,Escola Adventista Thiago White,10.847953838244914
Colégio Adventista de Interlagos,Unasp-SP - Centro Universitário Adventista - São Paulo,10.208918355915339
Colégio Adventista de Interlagos,Unasp-BI - Centro Universitário Adventista - Bilíngue,10.208918355915339
Colégio Adventista de Ipatinga,Colégio Adventista de Ipatinga Júnior,0.14519434489815947
Colégio Adventista de Itaboraí,Colégio Adventista de São Gonçalo,18.82658734338211
Colégio Adventista de Itabuna,Escola Adventista de Ilhéus,25.401369655030404
Colégio Adventista de Itaguaí,Colégio Adventista de Campo Grande,23.373387103091822
Colégio Adventista de Itajaí,Colégio Adventista de Blumenau,41.18942001836375
Colégio Adventista de Itapagipe,Colégio Adventista de Salvador,3.9368452064060726
Colégio Adventista de Itapagipe,Colégio Adventista de São Caetano,2.6655170963857873
Colégio Adventista de Itapagipe,Escola Adventista de Amaralina,8.913763394819632
Colégio Adventista de Itapagipe,Escola Adventista de IAPI,3.405054867908735
Colégio Adventista de Itapagipe,Escola Adventista de Jardim Cruzeiro,0.7633809187516062
Colégio Adventista de Itapagipe,Escola Adventista de Paripe,11.33280250401736
Colégio Adventista de Itapagipe,Escola Adventista de Praia Grande,7.530659169724379
Colégio Adventista de Itapetinga,Escola Adventista de Itapetinga - Morumbi,0.0
Colégio Adventista de Itararé,Escola Adventista de Castro,101.57249059842052
Colégio Adventista de Jacareí,Colégio Adventista de São José dos Campos,11.946465262288692
Colégio Adventista de Jacarepaguá,Colégio Adventista de Padre Miguel,9.294174758011476
Colégio Adventista de Jacarepaguá,Escola Adventista de Inhaúma,7.41962171616273
Colégio Adventista de Jacarepaguá,Escola Adventista de Jardim Metrópole,13.973992136085341
Colégio Adventista de Jacarepaguá,Escola Adventista de Música ARS,13.079577970245815
Colégio Adventista de Jacarepaguá,Escola Adventista da Barra da Tijuca,14.109479203341694
Colégio Adventista de Jardim Utinga,Colégio Adventista de Mauá,8.719569838741249
Colégio Adventista de Jardim Utinga,Colégio Adventista de Santo André,5.384680815470544
Colégio Adventista de Jardim Utinga,Colégio Adventista de São Bernardo do Campo,10.68532295326713
Colégio Adventista de Jardim Utinga,Colégio Adventista de São Caetano do Sul,5.592833075639327
Colégio Adventista de Jardim Utinga,Colégio Adventista de Vila Alpina,5.758995329049311
Colégio Adventista de Jardim Utinga,Colégio Adventista de Vila Matilde,9.503604369141055
Colégio Adventista de Jardim Utinga,Escola Adventista de Educação Infantil de Vila Matilde,8.878247748841988
Colégio Adventista de Ji-Paraná,Escola Adventista de Ji-Paraná,3.6525719592191797
Colégio Adventista de Joinville - Costa e Silva,Colégio Adventista de Joinville - Saguaçu,2.868708662800335
Colégio Adventista de Joinville - Costa e Silva,Escola Adventista de Joinville - Bom Retiro,1.8785537757766781
Colégio Adventista de Joinville - Costa e Silva,Colégio Adventista de Joinville - Centro,4.684178134741078
Colégio Adventista de Joinville - Saguaçu,Escola Adventista de Joinville - Bom Retiro,1.6192921199387893
Colégio Adventista de Joinville - Saguaçu,Colégio Adventista de Joinville - Centro,2.732228440776495
Colégio Adventista de Lauro de Freitas,Colégio Adventista de Castelo Branco,16.401733488673337
Colégio Adventista de Limeira,Colégio Adventista de Rio Claro,21.61030207841437
Colégio Adventista de Londrina,Escola Adventista de Apucarana,38.672459288011545
Colégio Adventista de Lorena,Colégio Adventista de Taubaté - Tremembé,53.90823477797219
Colégio Adventista de Macaé,Escola Adventista de Campos,85.97428617178288
Colégio Adventista de Maceió,Colégio Adventista União dos Palmares,62.82182828347124
Colégio Adventista de Marabá,Colégio Adventista de Parauapebas,116.16027913931794
Colégio Adventista de Maringá - Zona 4,Escola Adventista de Maringá - Zona 7,2.270508749681545
Colégio Adventista de Mauá,Colégio Adventista de Santo André,7.870043884713918
Colégio Adventista de Mauá,Colégio Adventista de São Bernardo do Campo,10.642479224074956
Colégio Adventista de Mauá,Colégio Adventista de São Caetano do Sul,12.213122416962813
Colégio Adventista de Mauá,Colégio Adventista de Vila Alpina,14.42272115162318
Colégio Adventista de Mogi das Cruzes,Colégio Adventista de São Miguel Paulista,23.7072816622277
Colégio Adventista de Niterói,Colégio Adventista de Botafogo,13.34381291400258
Colégio Adventista de Niterói,Colégio Adventista de São Gonçalo,9.35271953664733
Colégio Adventista de Novo Hamburgo,Escola Adventista de Canudos,4.029499115126466
Colégio Adventista de Padre Miguel,Escola Adventista de Nova Iguaçu,14.012530281375598
Colégio Adventista de Padre Miguel,Colégio Adventista de Nova Iguaçu,13.501267484220032
Colégio Adventista de Paulínia,Unasp-HT - Centro Universitário Adventista Hortolândia,14.935331222363946
Colégio Adventista de Piracicaba,Colégio Adventista de Limeira,29.886239112621737
Colégio Adventista de Porto Alegre,Colégio Adventista do Partenon,7.353566223598176
Colégio Adventista de Porto Alegre,Colégio Adventista Marechal Rondon,13.323788275433449
Colégio Adventista de Porto Alegre,Escola Adventista de Santa Cecília,14.311100613325523
Colégio Adventista de Porto Velho,Escola Adventista de Ariquemes,156.56280212845112
Colégio Adventista de Praia Grande,Colégio Adventista de Santos,12.289379035195816
Colégio Adventista de Presidente Prudente,Colégio Adventista de Tupã,93.52211236625405
Colégio Adventista de Registro,Escola Adventista de Pariquera-Açu,22.905066374651465
Colégio Adventista de Ribeirão Preto,Escola Adventista de Araraquara,79.01508505784611
Colégio Adventista de Rio Branco,Colégio Adventista de Porto Velho,455.4330453748446
Colégio Adventista de Rondonópolis,Colégio Adventista do CPA,181.42764864436205
Colégio Adventista de Salvador,Colégio Adventista de São Caetano,4.625375839262282
Colégio Adventista de Salvador,Escola Adventista de Amaralina,5.2545813030693305
Colégio Adventista de Salvador,Escola Adventista de IAPI,3.113869135061096
Colégio Adventista de Salvador,Escola Adventista de Jardim Cruzeiro,4.696648300889531
Colégio Adventista de Salvador,Escola Adventista de Praia Grande,11.255269548883925
Colégio Adventista de Santa Maria,Escola Adventista de Cachoeira do Sul,97.09616018134457
Colégio Adventista de Santo Amaro,Colégio Adventista de São Caetano do Sul,13.531129966548606
Colégio Adventista de Santo Amaro,Colégio Adventista de Taboão da Serra,9.109121242417892
Colégio Adventista de Santo Amaro,Colégio Adventista de Vila Alpina,14.681165444863
Colégio Adventista de Santo Amaro,Escola Adventista de Vila das Belezas,4.2469694150846236
Colégio Adventista de Santo Amaro,Colégio Adventista de Vila Yara,12.968499604806441
Colégio Adventista de Santo Amaro,Colégio Adventista do Brooklin,4.0668149998873275
Colégio Adventista de Santo Amaro,Colégio Adventista Ellen G. White,7.312682030224916
Colégio Adventista de Santo Amaro,Escola Adventista de Alvorada - SP,8.514952143896739
Colégio Adventista de Santo Amaro,Escola Adventista de Campo Grande,2.4304355895483645
Colégio Adventista de Santo Amaro,Escola Adventista de Jardim das Palmeiras,8.011796999304885
Colégio Adventista de Santo Amaro,Escola Adventista de Jardim Lilah,8.492787578309354
Colégio Adventista de Santo Amaro,Escola Adventista de Pedreira - AP,5.151035721680624
Colégio Adventista de Santo Amaro,Colégio Adventista Pirajuçara,10.235969772886788
Colégio Adventista de Santo Amaro,Escola Adventista Thiago White,10.637958761650795
Colégio Adventista de Santo Amaro,Unasp-SP - Centro Universitário Adventista - São Paulo,8.414615677924619
Colégio Adventista de Santo Amaro,Unasp-BI - Centro Universitário Adventista - Bilíngue,8.414615677924619
Colégio Adventista de Santo André,Colégio Adventista de São Bernardo do Campo,5.3147616406804055
Colégio Adventista de Santo André,Colégio Adventista de São Caetano do Sul,4.877863615402194
Colégio Adventista de Santo André,Colégio Adventista de Vila Alpina,8.962267180325147
Colégio Adventista de Santo André,Colégio Adventista de Vila Matilde,14.797335774216897
Colégio Adventista de Santo André,Escola Adventista de Educação Infantil de Vila Matilde,14.186416624802007
Colégio Adventista de São Bernardo do Campo,Colégio Adventista de São Caetano do Sul,8.26468535243279
Colégio Adventista de São Bernardo do Campo,Colégio Adventista de Vila Alpina,13.316543161723695
Colégio Adventista de São Bernardo do Campo,Escola Adventista de Pedreira - AP,13.658671389166985
Colégio Adventista de São Caetano,Escola Adventista de Amaralina,8.400674658878046
Colégio Adventista de São Caetano,Escola Adventista de IAPI,2.057076362626936
Colégio Adventista de São Caetano,Escola Adventista de Jardim Cruzeiro,2.7371253790997208
Colégio Adventista de São Caetano,Escola Adventista de Paripe,10.77095941470384
Colégio Adventista de São Caetano,Escola Adventista de Praia Grande,7.078754878433705
Colégio Adventista de São Caetano do Sul,Colégio Adventista de Vila Alpina,5.182663807713985
Colégio Adventista de São Caetano do Sul,Colégio Adventista de Vila Matilde,12.844680999443199
Colégio Adventista de São Caetano do Sul,Colégio Adventista do Brooklin,11.894971301686146
Colégio Adventista de São Caetano do Sul,Escola Adventista de Campo Grande,12.870453818518836
Colégio Adventista de São Caetano do Sul,Escola Adventista de Pedreira - AP,12.10850296580662
Colégio Adventista de São Caetano do Sul,Escola Adventista de Educação Infantil de Vila Matilde,12.333617305894474
Colégio Adventista de São Carlos,Escola Adventista de Araraquara,37.295937636655864
Colégio Adventista de São Francisco do Sul,Colégio Adventista de Joinville - Saguaçu,20.68116335364569
Colégio Adventista de São José do Rio Preto,Escola Adventista de Catanduva,55.93711334338914
Colégio Adventista de São Luís,Educação Adventista KIDS,0.05869573142078996
Colégio Adventista de São Luís,Escola Adventista da Cidade Operária,8.063035877901287
Colégio Adventista de São Luís,Escola Adventista de Monte Castelo,3.50128982721136
Colégio Adventista de São Miguel Paulista,Colégio Adventista de Vila Galvão,14.383982279455065
Colégio Adventista de São Miguel Paulista,Colégio Adventista de Vila Matilde,10.395234044306399
Colégio Adventista de São Miguel Paulista,Escola Adventista de Educação Infantil de Vila Matilde,10.479900207774312
Colégio Adventista de Sorocaba,Escola Adventista de Ibiúna,32.28119578072821
Colégio Adventista de Taboão da Serra,Escola Adventista de Vila das Belezas,5.95649704151125
Colégio Adventista de Taboão da Serra,Colégio Adventista de Vila Yara,5.539539588823144
Colégio Adventista de Taboão da Serra,Colégio Adventista do Brooklin,9.117442785861611
Colégio Adventista de Taboão da Serra,Colégio Adventista Ellen G. White,7.11882817416459
Colégio Adventista de Taboão da Serra,Colégio Adventista da Granja Viana,8.55024357058428
Colégio Adventista de Taboão da Serra,Escola Adventista de Alvorada - SP,7.086443236106591
Colégio Adventista de Taboão da Serra,Escola Adventista de Campo Grande,11.364950666963807
Colégio Adventista de Taboão da Serra,Escola Adventista de Jardim das Palmeiras,8.320594952827852
Colégio Adventista de Taboão da Serra,Escola Adventista de Jardim Lilah,7.880435491706993
Colégio Adventista de Taboão da Serra,Escola Adventista de Pedreira - AP,14.089822833367856
Colégio Adventista de Taboão da Serra,Colégio Adventista Pirajuçara,6.038294886410326
Colégio Adventista de Taboão da Serra,Escola Adventista Thiago White,10.004369957840725
Colégio Adventista de Taboão da Serra,Unasp-SP - Centro Universitário Adventista - São Paulo,7.340722409067801
Colégio Adventista de Taboão da Serra,Unasp-BI - Centro Universitário Adventista - Bilíngue,7.340722409067801
Colégio Adventista de Taguatinga,Escola Adventista do Guará,8.937308615724197
Colégio Adventista de Taguatinga,Colégio Adventista de Águas Claras,2.8262343061982156
Colégio Adventista de Tatuí,Escola Cursos - Trilhas,0.0
Colégio Adventista de Tatuí,Escola Parceira,0.0
Colégio Adventista de Taubaté - Tremembé,Colégio Adventista de São José dos Campos,45.267050344093086
Colégio Adventista de Teófilo Otoni,Escola Adventista de Barra de São Francisco,118.12273881004978
Colégio Adventista de Tucuruvi,Colégio Adventista de Vila Alpina,13.0265623649988
Colégio Adventista de Tucuruvi,Colégio Adventista de Vila Galvão,5.244393042953648
Colégio Adventista de Tucuruvi,Colégio Adventista de Vila Matilde,10.131393873029984
Colégio Adventista de Tucuruvi,Colégio Adventista de Vila Nova Cachoeirinha,6.899354557405255
Colégio Adventista de Tucuruvi,Escola Adventista de Educação Infantil de Vila Matilde,10.62963009639836
Colégio Adventista de Tupã,Escola Adventista de Marília,68.20333137645152
Colégio Adventista de Viamão,Colégio Adventista do Partenon,14.971841500808688
Colégio Adventista de Viamão,Colégio Adventista Marechal Rondon,14.384856748252464
Colégio Adventista de Viamão,Escola Adventista de Alvorada - RS,9.776653727517818
Colégio Adventista de Viamão,Escola Adventista de Santa Cecília,7.325807602576862
Colégio Adventista de Viamão,Escola Adventista do Sarandi,14.64259409591348
Colégio Adventista de Vila Alpina,Colégio Adventista de Vila Matilde,8.270111978774581
Colégio Adventista de Vila Alpina,Colégio Adventista do Brooklin,11.716879849540014
Colégio Adventista de Vila Alpina,Escola Adventista de Campo Grande,14.87515539532563
Colégio Adventista de Vila Alpina,Escola Adventista de Educação Infantil de Vila Matilde,7.872849466056789
Escola Adventista de Vila das Belezas,Colégio Adventista de Vila Yara,10.963873232268385
Escola Adventista de Vila das Belezas,Colégio Adventista do Brooklin,6.783336662741362
Escola Adventista de Vila das Belezas,Colégio Adventista Ellen G. White,3.5177143211470963
Escola Adventista de Vila das Belezas,Colégio Adventista da Granja Viana,12.850002655212842
Escola Adventista de Vila das Belezas,Escola Adventista de Alvorada - SP,4.553093834419406
Escola Adventista de Vila das Belezas,Escola Adventista de Campo Grande,5.940673985547799
Escola Adventista de Vila das Belezas,Colégio Adventista de Itapecerica da Serra,13.527531019945183
Escola Adventista de Vila das Belezas,Escola Adventista de Jardim das Palmeiras,4.567429109851037
Escola Adventista de Vila das Belezas,Escola Adventista de Jardim Lilah,4.773888199776166
Escola Adventista de Vila das Belezas,Escola Adventista de Pedreira - AP,8.506198387034798
Escola Adventista de Vila das Belezas,Colégio Adventista Pirajuçara,6.003810463405138
Escola Adventista de Vila das Belezas,Escola Adventista Thiago White,7.179867491306648
Escola Adventista de Vila das Belezas,Unasp-SP - Centro Universitário Adventista - São Paulo,4.535745416760258
Escola Adventista de Vila das Belezas,Unasp-BI - Centro Universitário Adventista - Bilíngue,4.535745416760258
Colégio Adventista de Vila Galvão,Colégio Adventista de Vila Matilde,9.305337134077742
Colégio Adventista de Vila Galvão,Colégio Adventista de Vila Nova Cachoeirinha,11.156349659955893
Colégio Adventista de Vila Galvão,Escola Adventista de Educação Infantil de Vila Matilde,9.940460125842126
Colégio Adventista de Vila Matilde,Escola Adventista de Educação Infantil de Vila Matilde,0.643272729808201
Colégio Adventista de Vila Nova Cachoeirinha,Colégio Adventista de Vila Yara,12.612205897455075
Colégio Adventista de Vila Yara,Colégio Adventista do Brooklin,11.223765329504642
Colégio Adventista de Vila Yara,Colégio Adventista Ellen G. White,12.644081922828658
Colégio Adventista de Vila Yara,Colégio Adventista da Granja Viana,10.293886588966695
Colégio Adventista de Vila Yara,Escola Adventista de Alvorada - SP,12.61570650559205
Colégio Adventista de Vila Yara,Escola Adventista de Jardim das Palmeiras,13.856169549461342
Colégio Adventista de Vila Yara,Escola Adventista de Jardim Lilah,13.417663952553808
Colégio Adventista de Vila Yara,Colégio Adventista Pirajuçara,11.303049569278855
Colégio Adventista de Vila Yara,Unasp-SP - Centro Universitário Adventista - São Paulo,12.875644110388293
Colégio Adventista de Vila Yara,Colégio Adventista de Alphaville,12.528783650749142
Colégio Adventista de Vila Yara,Unasp-BI - Centro Universitário Adventista - Bilíngue,12.875644110388293
Colégio Adventista de Vitória,Espaço Kids IBES,4.138870253214751
Colégio Adventista de Votuporanga,Escola Adventista de Fernandópolis,33.27768149207997
Colégio Adventista do Brooklin,Colégio Adventista Ellen G. White,10.292154083949638
Colégio Adventista do Brooklin,Escola Adventista de Alvorada - SP,11.32527911833674
Colégio Adventista do Brooklin,Escola Adventista de Campo Grande,5.867717345044651
Colégio Adventista do Brooklin,Escola Adventista de Jardim das Palmeiras,11.259064906283692
Colégio Adventista do Brooklin,Escola Adventista de Jardim Lilah,11.54646471988958
Colégio Adventista do Brooklin,Escola Adventista de Pedreira - AP,8.04984858720454
Colégio Adventista do Brooklin,Colégio Adventista Pirajuçara,12.403391943769524
Colégio Adventista do Brooklin,Escola Adventista Thiago White,13.91075212781015
Colégio Adventista do Brooklin,Unasp-SP - Centro Universitário Adventista - São Paulo,11.318544778901316
Colégio Adventista do Brooklin,Unasp-BI - Centro Universitário Adventista - Bilíngue,11.318544778901316
Colégio Adventista do CPA,Colégio Adventista do Porto,8.834743093381679
Colégio Adventista do CPA,Colégio Adventista Várzea Grande,13.24622188707524
Colégio Adventista do CPA,Escola Adventista Centro América,5.76587544400872
Colégio Adventista Jardim Europa,Colégio Adventista Novo Mundo,10.74903575169365
Colégio Adventista Jardim Europa,Colégio Adventista Setor Pedro Ludovico,6.023882475860604
Colégio Adventista Jardim Europa,Colégio Goianiense Adventista,12.124149926678818
Colégio Adventista Jardim Europa,Escola Adventista de Vila Nova,8.970259062808069
Colégio Adventista do Partenon,Colégio Adventista Marechal Rondon,6.462932462333801
Colégio Adventista do Partenon,Escola Adventista de Alvorada - RS,11.944541871062011
Colégio Adventista do Partenon,Colégio Adventista de Cachoeirinha,14.400211138555516
Colégio Adventista do Partenon,Escola Adventista de Santa Cecília,7.70925269756583
Colégio Adventista do Partenon,Escola Adventista do Sarandi,9.300508119837732
Colégio Adventista do Porto,Colégio Adventista Várzea Grande,4.6877674924105515
Colégio Adventista do Porto,Escola Adventista Centro América,3.0968312784095833
Colégio Adventista União dos Palmares,Escola Adventista de Garanhuns,58.849111781407025
Colégio Adventista Ellen G. White,Colégio Adventista da Granja Viana,11.517194710510605
Colégio Adventista Ellen G. White,Escola Adventista de Alvorada - SP,1.25655550551011
Colégio Adventista Ellen G. White,Escola Adventista de Campo Grande,8.300896478127084
Colégio Adventista Ellen G. White,Colégio Adventista de Itapecerica da Serra,10.010922650331352
Colégio Adventista Ellen G. White,Escola Adventista de Jardim das Palmeiras,1.2548895124179533
Colégio Adventista Ellen G. White,Escola Adventista de Jardim Lilah,1.2561738790136212
Colégio Adventista Ellen G. White,Escola Adventista de Pedreira - AP,10.380882920541106
Colégio Adventista Ellen G. White,Colégio Adventista Pirajuçara,3.6171770962167966
Colégio Adventista Ellen G. White,Escola Adventista Thiago White,3.687450455204086
Colégio Adventista Ellen G. White,Unasp-SP - Centro Universitário Adventista - São Paulo,1.1048619416099281
Colégio Adventista Ellen G. White,Unasp-BI - Centro Universitário Adventista - Bilíngue,1.1048619416099281
Colégio Adventista Marechal Rondon,Escola Adventista de Alvorada - RS,7.273180503821974
Colégio Adventista Marechal Rondon,Colégio Adventista de Cachoeirinha,7.962729041044449
Colégio Adventista Marechal Rondon,Escola Adventista de Santa Cecília,7.903651404775884
Colégio Adventista Marechal Rondon,Escola Adventista do Sarandi,2.8571607592433925
Colégio Adventista Marechal Rondon,Escola Adventista de Canoas,11.951561434420421
Colégio Adventista da Asa Sul,Escola Adventista do Guará,7.502601109500186
Colégio Adventista da Asa Sul,Colégio Adventista de Águas Claras,13.757867906631825
Colégio Adventista Novo Mundo,Colégio Adventista Setor Pedro Ludovico,5.673695721182825
Colégio Adventista Novo Mundo,Colégio Goianiense Adventista,4.814857776635069
Colégio Adventista Novo Mundo,Escola Adventista de Vila Nova,2.5344276286174843
Colégio Adventista Paul Bernard,Colégio Adventista da Alvorada - AM,11.234398918871387
Colégio Adventista Paul Bernard,Escola Adventista da Liberdade - AM,9.809243503012446
Colégio Adventista Paul Bernard,Colégio Adventista de Manaus,10.573670081329
Colégio Adventista Paul Bernard,Escola Adventista de Santo Antônio,12.108405554412965
Colégio Adventista Paul Bernard,Escola Adventista de São Jorge,12.022165891665324
Colégio Adventista Paul Bernard,Escola Adventista do Japiim,6.42365473521525
Colégio Adventista Paul Bernard,Instituto Adventista de Manaus,8.627220005619867
Colégio Adventista de Fortaleza,Colégio Adventista Arlete Afonso,146.1075821903804
Colégio Adventista Portão,Colégio Adventista São José dos Pinhais,12.040492195052154
Colégio Adventista Portão,Colégio Curitibano Adventista Bom Retiro,7.633929125789202
Colégio Adventista Portão,Colégio Adventista Afonso Pena,11.481281282750572
Colégio Adventista Portão,Colégio Adventista Pinhais,12.546355373975533
Colégio Adventista Portão,Escola Adventista de Vista Alegre,8.1416229919321
Colégio Adventista São José dos Pinhais,Colégio Adventista Afonso Pena,3.8358707690745253
Colégio Adventista São José dos Pinhais,Colégio Adventista Pinhais,12.117583452486805
Colégio Adventista Setor Pedro Ludovico,Colégio Goianiense Adventista,9.027545942337557
Colégio Adventista Setor Pedro Ludovico,Escola Adventista de Vila Nova,5.116027410546104
Colégio Adventista Telêmaco Borba,Escola Adventista de Castro,80.4836469705771
Colégio Adventista Várzea Grande,Escola Adventista Centro América,7.6909382129830455
Colégio Curitibano Adventista Bom Retiro,Colégio Adventista Afonso Pena,13.79688800329078
Colégio Curitibano Adventista Bom Retiro,Colégio Adventista Pinhais,9.573488599277836
Colégio Curitibano Adventista Bom Retiro,Escola Adventista de Vista Alegre,2.4506985684173537
Colégio Goianiense Adventista,Escola Adventista de Vila Nova,3.915064108008268
Colégio Adventista de Artur Nogueira,Unasp-EC - Centro Universitário Adventista Engenheiro Coelho,9.308770711146936
EDESSA - Educandário Espírito Santense Adventista,Escola Adventista da Serra,79.09351262020866
Educação Adventista KIDS,Escola Adventista da Cidade Operária,8.087147108863435
Educação Adventista KIDS,Escola Adventista de Monte Castelo,3.5423933425164944
Colégio Adventista de Chapecó,Escola Adventista de Erechim,69.74935311883497
Colégio Adventista Afonso Pena,Colégio Adventista Pinhais,8.364291913311627
Escola Adventista Centro Nipônico,Escola Adventista da Marambaia,3.755957258296684
Escola Adventista Centro Nipônico,Escola Adventista da Pedreira,1.690262498791617
Escola Adventista Centro Nipônico,Escola Adventista de Coqueiro,9.100709183486426
Escola Adventista Centro Nipônico,Colégio Adventista da Marambaia,3.6504014352412852
Escola Adventista Centro Nipônico,Escola Adventista de São Brás Altamir de Paiva,1.7752012186209736
Escola Adventista Centro Nipônico,Instituto Adventista Grão Pará,0.42755452943151556
Colégio Adventista da Alvorada - AM,Escola Adventista da Liberdade - AM,8.588274994485277
Colégio Adventista da Alvorada - AM,Colégio Adventista de Manaus,7.197079064795547
Colégio Adventista da Alvorada - AM,Escola Adventista de Santo Antônio,4.714189367315995
Colégio Adventista da Alvorada - AM,Escola Adventista de São Jorge,3.6573906884006675
Colégio Adventista da Alvorada - AM,Escola Adventista do Japiim,7.5314200064093395
Colégio Adventista da Alvorada - AM,Instituto Adventista de Manaus,6.146752053056692
Escola Adventista da Cidade Operária,Escola Adventista de Monte Castelo,9.912899396023631
Escola Adventista da Concórdia,Escola Adventista da Pampulha,7.765647137980482
Escola Adventista da Concórdia,Colégio Adventista do Buritis,9.392414931784776
Colégio Adventista da Granja Viana,Escola Adventista de Alvorada - SP,10.522186054127333
Colégio Adventista da Granja Viana,Colégio Adventista de Itapecerica da Serra,13.497800289861438
Colégio Adventista da Granja Viana,Escola Adventista de Jardim das Palmeiras,12.08410957609541
Colégio Adventista da Granja Viana,Escola Adventista de Jardim Lilah,11.271395178368845
Colégio Adventista da Granja Viana,Colégio Adventista Pirajuçara,7.983247374058325
Colégio Adventista da Granja Viana,Escola Adventista Thiago White,11.798287866509385
Colégio Adventista da Granja Viana,Unasp-SP - Centro Universitário Adventista - São Paulo,10.832153168577404
Colégio Adventista da Granja Viana,Colégio Adventista de Alphaville,11.920490126438233
Colégio Adventista da Granja Viana,Unasp-BI - Centro Universitário Adventista - Bilíngue,10.832153168577404
Escola Adventista da Liberdade - AM,Colégio Adventista de Manaus,1.8020890980013096
Escola Adventista da Liberdade - AM,Escola Adventista de Santo Antônio,5.193164280562145
Escola Adventista da Liberdade - AM,Escola Adventista de São Jorge,6.024451281364175
Escola Adventista da Liberdade - AM,Escola Adventista do Japiim,3.549287827041289
Escola Adventista da Liberdade - AM,Instituto Adventista de Manaus,2.6390205440837025
Escola Adventista da Marambaia,Escola Adventista da Pedreira,4.694104522589027
Escola Adventista da Marambaia,Escola Adventista de Coqueiro,5.624015186915931
Escola Adventista da Marambaia,Colégio Adventista da Marambaia,1.720724444592185
Escola Adventista da Marambaia,Escola Adventista de Icoaraci,14.959741521437357
Escola Adventista da Marambaia,Escola Adventista de São Brás Altamir de Paiva,5.471483412173859
Escola Adventista da Marambaia,Instituto Adventista Grão Pará,3.9031823511980086
Escola Adventista da Pedreira,Escola Adventista de Coqueiro,9.437512768969352
Escola Adventista da Pedreira,Colégio Adventista da Marambaia,3.93391349520075
Escola Adventista da Pedreira,Escola Adventista de São Brás Altamir de Paiva,2.3313056229607705
Escola Adventista da Pedreira,Instituto Adventista Grão Pará,2.0338326557714366
Escola Adventista da Serra,Colégio Adventista de Vitória,20.536790397899576
Escola Adventista de Alvorada - RS,Colégio Adventista de Cachoeirinha,6.761133697156545
Escola Adventista de Alvorada - RS,Escola Adventista de Santa Cecília,7.230095743160037
Escola Adventista de Alvorada - RS,Escola Adventista do Sarandi,5.919543311666861
Escola Adventista de Alvorada - RS,Escola Adventista de Canoas,14.154233723706586
Escola Adventista de Alvorada - SP,Escola Adventista de Campo Grande,9.556855115427545
Escola Adventista de Alvorada - SP,Colégio Adventista de Itapecerica da Serra,9.109826609793581
Escola Adventista de Alvorada - SP,Escola Adventista de Jardim das Palmeiras,1.58758046977265
Escola Adventista de Alvorada - SP,Escola Adventista de Jardim Lilah,0.8582738545037855
Escola Adventista de Alvorada - SP,Escola Adventista de Pedreira - AP,11.623038127569504
Escola Adventista de Alvorada - SP,Colégio Adventista Pirajuçara,2.5408515004256667
Escola Adventista de Alvorada - SP,Escola Adventista Thiago White,3.0272993295976227
Escola Adventista de Alvorada - SP,Unasp-SP - Centro Universitário Adventista - São Paulo,0.3212527344776947
Escola Adventista de Alvorada - SP,Unasp-BI - Centro Universitário Adventista - Bilíngue,0.3212527344776947
Escola Adventista de Amaralina,Escola Adventista de IAPI,6.34395643713842
Escola Adventista de Amaralina,Escola Adventista de Jardim Cruzeiro,9.623844655953146
Escola Adventista de Anápolis,IABC - Instituto Adventista Brasil Central,30.769998984237056
Escola Adventista de Andradas - EAA,Colégio Adventista de Mogi Guaçu,52.95122345497702
Colégio Adventista Araucária,Colégio Adventista Fazenda Rio Grande,11.571485096161025
Escola Adventista de Ariquemes,Escola Adventista de Jaru,85.18371944164906
Escola Adventista de Barra de São Francisco,EDESSA - Educandário Espírito Santense Adventista,87.15401600574097
Escola Adventista de Barreiras,Colégio Adventista de Luís Eduardo Magalhães,87.47859390669078
Colégio Adventista de Belo Jardim,Colégio Adventista de Caruaru,49.198929904868095
Escola Adventista de Boa Vista - RR,Colégio Adventista Amazonas - Campus Residencial - IAAI,620.5578203130822
Escola Adventista de Bom Retiro da Serra,Escola Adventista Rio do Sul,66.57588691759791
Colégio Adventista de Botafogo,Escola Adventista de Inhaúma,12.644666744711111
Colégio Adventista de Botafogo,Escola Adventista de Música ARS,12.38998603653525
Colégio Adventista de Botafogo,Escola Adventista da Barra da Tijuca,13.009925634078801
Colégio Adventista de Cachoeirinha,Escola Adventista de Santa Cecília,12.9305602590837
Colégio Adventista de Cachoeirinha,Escola Adventista do Sarandi,5.106567713928708
Colégio Adventista de Cachoeirinha,Escola Adventista de Canoas,7.646373984447198
Escola Adventista de Campo Grande,Escola Adventista de Jardim das Palmeiras,8.679610423980437
Escola Adventista de Campo Grande,Escola Adventista de Jardim Lilah,9.32230480490188
Escola Adventista de Campo Grande,Escola Adventista de Pedreira - AP,2.746349613909394
Escola Adventista de Campo Grande,Colégio Adventista Pirajuçara,11.6327622392505
Escola Adventista de Campo Grande,Escola Adventista Thiago White,11.12360728283336
Escola Adventista de Campo Grande,Unasp-SP - Centro Universitário Adventista - São Paulo,9.384749018286701
Escola Adventista de Campo Grande,Unasp-BI - Centro Universitário Adventista - Bilíngue,9.384749018286701
Escola Adventista de Castanhal,FAAMA - Faculdade Adventista da Amazônia,35.311819147148825
Escola Adventista de Castro,Colégio Adventista Ponta Grossa,37.68975182017476
Escola Adventista de Caxias,Colégio Adventista de Codó,73.63043340168335
Escola Adventista de Caxias do Sul,Escola Adventista de Canudos,58.16967633452067
Escola Adventista de Coqueiro,Colégio Adventista da Marambaia,5.535066491000494
Escola Adventista de Coqueiro,Escola Adventista de Icoaraci,9.727802452019802
Escola Adventista de Coqueiro,Escola Adventista de São Brás Altamir de Paiva,10.875751594953268
Escola Adventista de Coqueiro,Instituto Adventista Grão Pará,9.34846941658251
Colégio Adventista da Marambaia,Escola Adventista de Icoaraci,14.207462835829558
Colégio Adventista da Marambaia,Escola Adventista de São Brás Altamir de Paiva,5.411634637708663
Colégio Adventista da Marambaia,Instituto Adventista Grão Pará,3.9590120689961052
Escola Adventista de Corumbá,Escola Adventista de Miranda,190.84938182486727
Escola Adventista de Goioerê,Escola Adventista de Umuarama,56.11962197438387
Escola Adventista de Guaíra,Escola Adventista de Mundo Novo,16.999712663425683
Colégio Adventista de Guarapuava,Colégio Adventista União da Vitória,100.63402871800885
Escola Adventista de Guaraqueçaba,Colégio Adventista de Paranaguá,31.358651532321634
Escola Adventista de IAPI,Escola Adventista de Jardim Cruzeiro,3.8876569671022514
Escola Adventista de IAPI,Escola Adventista de Paripe,12.816384568088608
Escola Adventista de IAPI,Escola Adventista de Praia Grande,9.135748521506686
Escola Adventista de Ibiúna,Escola Adventista de São Roque,17.3053069169001
Escola Adventista de Ijuí,Escola Adventista de Santo Ângelo,35.268908780589726
Escola Adventista de Imbituba,Escola Adventista de Tubarão,43.49394930190004
Escola Adventista de Indaiatuba,Unasp-HT - Centro Universitário Adventista Hortolândia,24.507989262782058
Escola Adventista de Inhaúma,Escola Adventista de Jardim Metrópole,12.803602406580161
Escola Adventista de Inhaúma,Escola Adventista de Música ARS,13.806359157096933
Escola Adventista de Inhaúma,Escola Adventista da Barra da Tijuca,14.971433467472446
Escola Adventista de Itacoatiara,Escola Adventista de Nova Olinda do Norte,109.73319732637151
Colégio Adventista de Itapecerica da Serra,Escola Adventista de Jardim das Palmeiras,9.03739653345248
Colégio Adventista de Itapecerica da Serra,Escola Adventista de Jardim Lilah,8.755360219279778
Colégio Adventista de Itapecerica da Serra,Colégio Adventista Pirajuçara,9.22520617261465
Colégio Adventista de Itapecerica da Serra,Escola Adventista Thiago White,6.379159922557135
Colégio Adventista de Itapecerica da Serra,Unasp-SP - Centro Universitário Adventista - São Paulo,9.048400095877767
Colégio Adventista de Itapecerica da Serra,Unasp-BI - Centro Universitário Adventista - Bilíngue,9.048400095877767
Escola Adventista de Jacobina,Colégio Adventista de Juazeiro,196.03930504477017
Escola Adventista de Jardim Cruzeiro,Escola Adventista de Paripe,10.601457192807255
Escola Adventista de Jardim Cruzeiro,Escola Adventista de Praia Grande,6.805185195961087
Escola Adventista de Jardim das Palmeiras,Escola Adventista de Jardim Lilah,0.8272735723102519
Escola Adventista de Jardim das Palmeiras,Escola Adventista de Pedreira - AP,10.508337360868508
Escola Adventista de Jardim das Palmeiras,Colégio Adventista Pirajuçara,4.1033190672072335
Escola Adventista de Jardim das Palmeiras,Escola Adventista Thiago White,2.658359070709421
Escola Adventista de Jardim das Palmeiras,Unasp-SP - Centro Universitário Adventista - São Paulo,1.2675131977350504
Escola Adventista de Jardim das Palmeiras,Unasp-BI - Centro Universitário Adventista - Bilíngue,1.2675131977350504
Escola Adventista de Jardim Lilah,Escola Adventista de Pedreira - AP,11.242956147056088
Escola Adventista de Jardim Lilah,Colégio Adventista Pirajuçara,3.298625450343743
Escola Adventista de Jardim Lilah,Escola Adventista Thiago White,2.4578648397588414
Escola Adventista de Jardim Lilah,Unasp-SP - Centro Universitário Adventista - São Paulo,0.5539263931745636
Escola Adventista de Jardim Lilah,Unasp-BI - Centro Universitário Adventista - Bilíngue,0.5539263931745636
Escola Adventista de Jardim Metrópole,Escola Adventista de Nova Iguaçu,12.12842034620786
Escola Adventista de Jardim Metrópole,Colégio Adventista de Nova Iguaçu,13.950181369636333
Escola Adventista de Jaru,Escola Adventista de Ouro Preto do Oeste,40.43144692165779
Escola Adventista de Jequié,Escola Adventista de Santo Antonio de Jesus,133.114623154757
Escola Adventista de Joinville - Bom Retiro,Colégio Adventista de Joinville - Centro,4.226246310801758
Colégio Adventista de Juiz de Fora - CAJF,IPAE - Instituto Petropolitano Adventista de Ensino,75.52875008849121
Colégio Adventista de Jundiaí,Colégio Adventista de Alphaville,31.045704243001303
Escola Adventista de Lins,Escola Adventista de Marília,61.17979030849799
Colégio Adventista de Macapá,Escola Adventista de Icoaraci,324.4049459034348
Colégio Adventista de Manaus,Escola Adventista de Santo Antônio,3.4123263531224897
Colégio Adventista de Manaus,Escola Adventista de São Jorge,4.3043877631924685
Colégio Adventista de Manaus,Escola Adventista do Japiim,4.155579591732706
Colégio Adventista de Manaus,Instituto Adventista de Manaus,2.1546467010159085
Escola Adventista de Miranda,Colégio Adventista Campo-Grandense,182.88742219945428
Colégio Adventista de Mogi Guaçu,Unasp-EC - Centro Universitário Adventista Engenheiro Coelho,26.107885872031304
Escola Adventista de Montes Claros,Colégio Adventista de Teófilo Otoni,280.8894977027187
Escola Adventista de Natal,Escola Adventista de Campina Grande,178.02169554811837
Escola Adventista de Nova Andradina,Escola Adventista Dourados,151.8175236143418
Escola Adventista de Nova Iguaçu,Colégio Adventista de Nova Iguaçu,2.0424943244633322
Colégio Adventista de Osório,Escola Adventista de Santo Antônio da Patrulha,25.16350173888368
Escola Adventista de Ouro Preto do Oeste,Escola Adventista de Ji-Paraná,37.920726516964955
Escola Adventista de Paripe,Escola Adventista de Praia Grande,3.8063518251787394
Escola Adventista de Pedreira - AP,Colégio Adventista Pirajuçara,13.890120051901002
Escola Adventista de Pedreira - AP,Escola Adventista Thiago White,12.691761072285367
Escola Adventista de Pedreira - AP,Unasp-SP - Centro Universitário Adventista - São Paulo,11.406120883487143
Escola Adventista de Pedreira - AP,Unasp-BI - Centro Universitário Adventista - Bilíngue,11.406120883487143
Colégio Adventista de Pelotas,Escola Adventista de Rio Grande,37.2554887310865
Colégio Adventista Pinhais,Escola Adventista de Vista Alegre,12.013481620065477
Escola Adventista de Porangatu,Escola Adventista de Uruaçu,119.06082580905091
Escola Adventista de Porto Feliz,Escola Adventista de Indaiatuba,35.07976914311744
Escola Adventista de Porto Franco,Escola Adventista de Imperatriz,90.45943680413517
Escola Adventista de Redenção,Colégio Adventista de Parauapebas,215.32933772579008
Escola Adventista de Rio Verde,Colégio Adventista Jardim Europa,209.29226473223537
Escola Adventista de Santa Cecília,Escola Adventista do Sarandi,9.195266481909703
Escola Adventista de Santa Inês,Escola Adventista de Bacabal,90.9162806026041
Colégio Adventista de Santarém,Escola Adventista de Uruará,176.84088724411822
Escola Adventista de Santo Antônio,Escola Adventista de São Jorge,1.104567254485362
Escola Adventista de Santo Antônio,Escola Adventista do Japiim,6.252458053062703
Escola Adventista de Santo Antônio,Instituto Adventista de Manaus,3.905280656882652
Escola Adventista de Santo Antônio da Patrulha,Escola Adventista Pastor Ivo Souza,22.52461602381287
Escola Adventista de Santo Antonio de Jesus,Colégio Adventista da Bahia,53.75071379129312
Escola Adventista de São Brás Altamir de Paiva,Instituto Adventista Grão Pará,1.5684190579993584
Escola Adventista de São Jorge,Escola Adventista do Japiim,6.542048046949377
Escola Adventista de São Jorge,Instituto Adventista de Manaus,4.330104841730456
Escola Adventista de Tomé-Açú,Escola Adventista Paragominas,109.8378143219528
Escola Adventista de Tubarão,Colégio Adventista de Criciúma,42.715269715786064
Escola Adventista de Uruará,IATAI - Instituto Adventista Transamazônico Agroindustrial,29.516235616527123
Colégio Adventista de Varginha - CAV,Faculdades Minas Gerais - Fadminas,57.976022258083844
Escola Adventista de Vilhena,Colégio Adventista de Ji-Paraná,280.2845790218862
Escola Adventista de Vitória da Conquista,Colégio Adventista de Itapetinga,76.92031350148402
Escola Adventista de Vitória de Santo Antão,IAPE - Instituto Adventista Pernambucano de Ensino,42.50337560391799
Escola Adventista do Guará,Colégio Adventista de Águas Claras,6.3008867071407915
Escola Adventista do Japiim,Instituto Adventista de Manaus,2.3856455820761635
Escola Adventista do Sarandi,Escola Adventista de Canoas,9.944923626442984
Escola Adventista de Bacabal,Escola Adventista de Coroatá,73.73074489910296
Escola Adventista Pastor Ivo Souza,Instituto Adventista Cruzeiro do Sul - IACS,12.405672780228883
Colégio Adventista Pirajuçara,Escola Adventista Thiago White,4.448305212917464
Colégio Adventista Pirajuçara,Unasp-SP - Centro Universitário Adventista - São Paulo,2.849029019997086
Colégio Adventista Pirajuçara,Unasp-BI - Centro Universitário Adventista - Bilíngue,2.849029019997086
Escola Adventista Rio do Sul,Colégio Adventista de Indaial,53.440996029943896
Escola Adventista Thiago White,Unasp-SP - Centro Universitário Adventista - São Paulo,2.864470810123417
Escola Adventista Thiago White,Unasp-BI - Centro Universitário Adventista - Bilíngue,2.864470810123417
Escola Adventista Tucuruí,Colégio Adventista de Marabá,186.42386331444365
Escola Cursos - Trilhas,Escola Parceira,0.0
FAAMA - Faculdade Adventista da Amazônia,Colégio Adventista da Cidade Nova V,16.407782509312096
Colégio Adventista Amazonas - Campus Residencial - IAAI,Colégio Adventista da Cidade Nova,45.725098334460185
IAAMO - Instituto Adventista da Amazônia Ocidental,Escola Adventista de Ouro Preto do Oeste,59.02414956898989
IAESC - Instituto Adventista de Ensino de Santa Catarina,Colégio Adventista de Joinville - Centro,19.386388664028676
IAP - Instituto Adventista Paranaense,Colégio Adventista de Maringá - Zona 4,20.22869151746805
IPAE - Instituto Petropolitano Adventista de Ensino,Escola Adventista de Jardim Metrópole,39.73138424595208
Unasp-SP - Centro Universitário Adventista - São Paulo,Unasp-BI - Centro Universitário Adventista - Bilíngue,0.0
Colégio Adventista de Pouso Alegre - CAPOAL,Escola Adventista de Andradas - EAA,67.17010759124396
Colégio Adventista de Cachoeiro de Itapemirim,Colégio Adventista de Cariacica,96.54928188769186
Escola Adventista de Música ARS,Escola Adventista da Barra da Tijuca,1.166294830732794
